1153,1153,1153,1153,1153,1153,1153,1153,1153,1153,1153,1153,1153,1153,1153,1153,1153,1153,1153,1153,1153,1153,1153,1153,1153,1153,1153,1153,1153,1153,1153,1153,1153,1153,1153,1153,1153,1153,1153,1153,1153,1153,1153,1153,1153,1153,1153,1153,1153,1153,1153,1153,1153,1153,1153,1153,1153,1153,1153,1153,1153,1153,1153,1153,1153,1153,1153,1153,1153,1153,1153,1153,1153,1153,1153,1153,1153,1153,1153,1153,1153,1153,1153,1153,1153,1153,1153,1153,1153,1153,1153,1153,1153,1153,1153,1153,1153,1153,1153,1153,1153,1153,1153,1153,1153,1153,1153,1153,1153,1153,1153,1153,1153,1153,1153,1153,1153,1153,1153,1153,1153,1153,1153,1153,1153,1153,1153,1153,1153,1153,1153,1153,1153,1153,1153,1153,1153,1153,1153,1153,1153,1153,1153,1153,1153,1153,1153,1153,1153,1153,1153,1153,1153,1153,1153,1153,1153,1153,1153,1153,1153,1153,1153,1153,1153
1153,1153,1153,1153,1153,1153,1153,1153,1153,1153,1153,1153,1153,1153,1153,1153,1153,1153,1153,1153,1153,1153,1153,1153,1153,1153,1153,1153,1153,1153,1153,1153,1153,1153,1153,1153,1153,1153,1153,1153,1153,1153,1153,1153,1153,1153,1153,1153,1153,1153,1153,1153,1153,1153,1153,1153,1153,1153,1153,1153,1153,1153,1153,1153,1153,1153,1153,1153,1153,1153,1153,1153,1153,1153,1153,1153,1153,1153,1153,1153,1153,1153,1153,1153,1153,1153,1153,1153,1153,1153,1153,1153,1153,1153,1153,1153,1153,1153,1153,1153,1153,1153,1153,1153,1153,1153,1153,1153,1153,1153,1153,1153,1153,1153,1153,1153,1153,1153,1153,1153,1153,1153,1153,1153,1153,1153,1153,1153,1153,1153,1153,1153,1153,1153,1153,1153,1153,1153,1153,1153,1153,1153,1153,1153,1153,1153,1153,1153,1153,1153,1153,1153,1153,1153,1153,1153,1153,1153,1153,1153,1153,1153,1153,1153,1153
1153,1153,1153,1153,1153,1153,1153,1153,1153,1153,1153,1153,1153,1153,1153,1153,1153,1153,1153,1153,1153,1153,1153,1153,1153,1153,1153,1153,1153,1153,1153,1153,1153,1153,1153,1153,1153,1153,1153,1153,1153,1153,1153,1153,1153,1153,1153,1153,1153,1153,1153,1153,1153,1153,1153,1153,1153,1153,1153,1153,1153,1153,1153,1153,1153,1153,1153,1153,1153,1153,1153,1153,1153,1153,1153,1153,1153,1153,1153,1153,1153,1153,1153,1153,1153,1153,1153,1153,1153,1153,1153,1153,1153,1153,1153,1153,1153,1153,1153,1153,1153,1153,1153,1153,1153,1153,1153,1153,1153,1153,1153,1153,1153,1153,1153,1153,1153,1153,1153,1153,1153,1153,1153,1153,1153,1153,1153,1153,1153,1153,1153,1153,1153,1153,1153,1153,1153,1153,1153,1153,1153,1153,1153,1153,1153,1153,1153,1153,1153,1153,1153,1153,1153,1153,1153,1153,1153,1153,1153,1153,1153,1153,1153,1153,1153
1153,1153,1153,1153,1153,1153,1153,1153,1153,1153,1153,1153,1153,1153,1153,1153,1153,1153,1153,1153,1153,1153,1153,1153,1153,1153,1153,1153,1153,1153,1153,1153,1153,1153,1153,1153,1153,1153,1153,1153,1153,1153,1153,1153,1153,1153,1153,1153,1153,1153,1153,1153,1153,1153,1153,1153,1153,1153,1153,1153,1153,1153,1153,1153,1153,1153,1153,1153,1153,1153,1153,1153,1153,1153,1153,1153,1153,1153,1153,1153,1153,1153,1153,1153,1153,1153,1153,1153,1153,1153,1153,1153,1153,1153,1153,1153,1153,1153,1153,1153,1153,1153,1153,1153,1153,1153,1153,1153,1153,1153,1153,1153,1153,1153,1153,1153,1153,1153,1153,1153,1153,1153,1153,1153,1153,1153,1153,1153,1153,1153,1153,1153,1153,1153,1153,1153,1153,1153,1153,1153,1153,1153,1153,1153,1153,1153,1153,1153,1153,1153,1153,1153,1153,1153,1153,1153,1153,1153,1153,1153,1153,1153,1153,1153,1153
1153,1153,1153,1153,1153,1153,1153,1153,1153,1153,1153,1153,1153,1153,1153,1153,1153,1153,1153,1153,1153,1153,1153,1153,1153,1153,1153,1153,1153,1153,1153,1153,1153,1153,1153,1153,1153,1153,1153,1153,1153,1153,1153,1153,1153,1153,1153,1153,1153,1153,1153,1153,1153,1153,1153,1153,1153,1153,1153,1153,1153,1153,1153,1153,1153,1153,1153,1153,1153,1153,1153,1153,1153,1153,1153,1153,1153,1153,1153,1153,1153,1153,1153,1153,1153,1153,1153,1153,1153,1153,1153,1153,1153,1153,1153,1153,1153,1153,1153,1153,1153,1153,1153,1153,1153,1153,1153,1153,1153,1153,1153,1153,1153,1153,1153,1153,1153,1153,1153,1153,1153,1153,1153,1153,1153,1153,1153,1153,1153,1153,1153,1153,1153,1153,1153,1153,1153,1153,1153,1153,1153,1153,1153,1153,1153,1153,1153,1153,1153,1153,1153,1153,1153,1153,1153,1153,1153,1153,1153,1153,1153,1153,1153,1153,1153
1153,1153,1153,1153,1153,1153,1153,1153,1153,1153,1153,1153,1153,1153,1153,1153,1153,1153,1153,1153,1153,1153,1153,1153,1153,1153,1153,1153,1153,1153,1153,1153,1153,1153,1153,1153,1153,1153,1153,1153,1153,1153,1153,1153,1153,1153,1153,1153,1153,1153,1153,1153,1153,1153,1153,1153,1153,1153,1153,1153,1153,1153,1153,1153,1153,1153,1153,1153,1153,1153,1153,1153,1153,1153,1153,1153,1153,1153,1153,1153,1153,1153,1153,1153,1153,1153,1153,1153,1153,1153,1153,1153,1153,1153,1153,1153,1153,1153,1153,1153,1153,1153,1153,1153,1153,1153,1153,1153,1153,1153,1153,1153,1153,1153,1153,1153,1153,1153,1153,1153,1153,1153,1153,1153,1153,1153,1153,1153,1153,1153,1153,1153,1153,1153,1153,1153,1153,1153,1153,1153,1153,1153,1153,1153,1153,1153,1153,1153,1153,1153,1153,1153,1153,1153,1153,1153,1153,1153,1153,1153,1153,1153,1153,1153,1153
1153,1153,1153,1153,1153,1153,1153,1153,1153,1153,1153,1153,1153,1153,1153,1153,1153,1153,1153,1153,1153,1153,1153,1153,1153,1153,1153,1153,1153,1153,1153,1153,1153,1153,1153,1153,1153,1153,1153,1153,1153,1153,1153,1153,1153,1153,1153,1153,1153,1153,1153,1153,1153,1153,1153,1153,1153,1153,1153,1153,1153,1153,1153,1153,1153,1153,1153,1153,1153,1153,1153,1153,1153,1153,1153,1153,1153,1153,1153,1153,1153,1153,1153,1153,1153,1153,1153,1153,1153,1153,1153,1153,1153,1153,1153,1153,1153,1153,1153,1153,1153,1153,1153,1153,1153,1153,1153,1153,1153,1153,1153,1153,1153,1153,1153,1153,1153,1153,1153,1153,1153,1153,1153,1153,1153,1153,1153,1153,1153,1153,1153,1153,1153,1153,1153,1153,1153,1153,1153,1153,1153,1153,1153,1153,1153,1153,1153,1153,1153,1153,1153,1153,1153,1153,1153,1153,1153,1153,1153,1153,1153,1153,1153,1153,1153
1153,1153,1153,1153,1153,1153,1153,1153,1153,1153,1153,1153,1153,1153,1153,1153,1153,1153,1153,1153,1153,1153,1153,1153,1153,1153,1153,1153,1153,1153,1153,1153,1153,1153,1153,1153,1153,1153,1153,1153,1153,1153,1153,1153,1153,1153,1153,1153,1153,1153,1153,1153,1153,1153,1153,1153,1153,1153,1153,1153,1153,1153,1153,1153,1153,1153,1153,1153,1153,1153,1153,1153,1153,1153,1153,1153,1153,1153,1153,1153,1153,1153,1153,1153,1153,1153,1153,1153,1153,1153,1153,1153,1153,1153,1153,1153,1153,1153,1153,1153,1153,1153,1153,1153,1153,1153,1153,1153,1153,1153,1153,1153,1153,1153,1153,1153,1153,1153,1153,1153,1153,1153,1153,1153,1153,1153,1153,1153,1153,1153,1153,1153,1153,1153,1153,1153,1153,1153,1153,1153,1153,1153,1153,1153,1153,1153,1153,1153,1153,1153,1153,1153,1153,1153,1153,1153,1153,1153,1153,1153,1153,1153,1153,1153,1153
1153,1153,1153,1153,1153,1153,1153,1153,1153,1153,1153,1153,1153,1153,1153,1153,1153,1153,1153,1153,1153,1153,1153,1153,1153,1153,1153,1153,1153,1153,1153,1153,1153,1153,1153,1153,1153,1153,1153,1153,1153,1153,1153,1153,1153,1153,1153,1153,1153,1153,1153,1153,1153,1153,1153,1153,1153,1153,1153,1153,1153,1153,1153,1153,1153,1153,1153,1153,1153,1153,1153,1153,1153,1153,1153,1153,1153,1153,1153,1153,1153,1153,1153,1153,1153,1153,1153,1153,1153,1153,1153,1153,1153,1153,1153,1153,1153,1153,1153,1153,1153,1153,1153,1153,1153,1153,1153,1153,1153,1153,1153,1153,1153,1153,1153,1153,1153,1153,1153,1153,1153,1153,1153,1153,1153,1153,1153,1153,1153,1153,1153,1153,1153,1153,1153,1153,1153,1153,1153,1153,1153,1153,1153,1153,1153,1153,1153,1153,1153,1153,1153,1153,1153,1153,1153,1153,1153,1153,1153,1153,1153,1153,1153,1153,1153
1153,1153,1153,1153,1153,1153,1153,1153,1153,1153,1153,1153,1153,1153,1153,1153,1153,1153,1153,1153,1153,1153,1153,1153,1153,1153,1153,1153,1153,1153,1153,1153,1153,1153,1153,1153,1153,1153,1153,1153,1153,1153,1153,1153,1153,1153,1153,1153,1153,1153,1153,1153,1153,1153,1153,1153,1153,1153,1153,1153,1153,1153,1153,1153,1153,1153,1153,1153,1153,1153,1153,1153,1153,1153,1153,1153,1153,1153,1153,1153,1153,1153,1153,1153,1153,1153,1153,1153,1153,1153,1153,1153,1153,1153,1153,1153,1153,1153,1153,1153,1153,1153,1153,1153,1153,1153,1153,1153,1153,1153,1153,1153,1153,1153,1153,1153,1153,1153,1153,1153,1153,1153,1153,1153,1153,1153,1153,1153,1153,1153,1153,1153,1153,1153,1153,1153,1153,1153,1153,1153,1153,1153,1153,1153,1153,1153,1153,1153,1153,1153,1153,1153,1153,1153,1153,1153,1153,1153,1153,1153,1153,1153,1153,1153,1153
1153,1153,1153,1153,1153,1153,1153,1153,1153,1153,1161,1153,1153,1153,1153,1153,1153,1153,1153,1153,1153,1153,1153,1153,1153,1153,1153,1153,1153,1153,1153,1153,1153,1153,1153,1153,1153,1153,1153,1153,1153,1153,1153,1153,1153,1153,1153,1153,1153,1153,1153,1153,1153,1153,1153,1153,1153,1153,1153,1153,1153,1153,1153,1153,1153,1153,1153,1153,1153,1153,1153,1153,1153,1153,1153,1153,1153,1153,1153,1153,1153,1153,1153,1153,1153,1153,1153,1153,1153,1153,1153,1153,1153,1153,1153,1153,1153,1153,1153,1153,1153,1153,1153,1153,1153,1153,1153,1153,1153,1153,1153,1153,1153,1153,1153,1153,1153,1153,1153,1153,1153,1153,1153,1153,1153,1153,1153,1153,1153,1153,1153,1153,1153,1153,1153,1153,1153,1153,1153,1153,1153,1153,1153,1153,1153,1153,1153,1153,1153,1153,1153,1153,1153,1153,1153,1153,1153,1153,1153,1153,1153,1153,1153,1153,1153
1153,1153,1153,1153,1153,1153,1153,1153,1153,1153,1153,1153,1153,1153,1153,1153,1153,1153,1153,1153,1153,1153,1153,1153,1153,1153,1153,1153,1153,1153,1153,1153,1153,1153,1153,1153,1153,1153,1153,1153,1153,1153,1153,1153,1153,1153,1153,1153,1153,1153,1153,1153,1153,1153,1153,1153,1153,1153,1153,1153,1153,1153,1153,1153,1153,1153,1153,1153,1153,1153,1153,1153,1153,1153,1153,1153,1153,1153,1153,1153,1153,1153,1153,1153,1153,1153,1153,1153,1153,1153,1153,1153,1153,1153,1153,1153,1153,1153,1153,1153,1153,1153,1153,1153,1153,1153,1153,1153,1153,1153,1153,1153,1153,1153,1153,1153,1153,1153,1153,1153,1153,1153,1153,1153,1153,1153,1153,1153,1153,1153,1153,1153,1153,1153,1153,1153,1153,1153,1153,1153,1153,1153,1153,1153,1153,1153,1153,1153,1153,1153,1153,1153,1153,1153,1153,1153,1153,1153,1153,1153,1153,1153,1153,1153,1153
1153,1153,1153,1153,1153,1153,1153,1153,1153,1153,1153,1153,1153,1153,1153,1153,1153,1153,1153,1153,1153,1153,1153,1153,1153,1153,1153,1153,1153,1153,1153,1153,1153,1153,1153,1153,1153,1153,1153,1153,1153,1153,1153,1153,1153,1153,1153,1153,1153,1153,1153,1153,1153,1153,1153,1153,1153,1153,1153,1153,1153,1153,1153,1153,1153,1153,1153,1153,1153,1153,1153,1153,1153,1153,1153,1153,1153,1153,1153,1153,1153,1153,1153,1153,1153,1153,1153,1153,1153,1153,1153,1153,1153,1153,1153,1153,1153,1153,1153,1153,1153,1153,1153,1153,1153,1153,1153,1153,1153,1153,1153,1153,1153,1153,1153,1153,1153,1153,1153,1153,1153,1153,1153,1153,1153,1153,1153,1153,1153,1153,1153,1153,1153,1153,1153,1153,1153,1153,1153,1153,1153,1153,1153,1153,1153,1153,1153,1153,1153,1153,1153,1153,1153,1153,1153,1153,1153,1153,1153,1153,1153,1153,1153,1153,1153
